{"stats":{"minecraft:dropped":{"minecraft:wooden_pickaxe":1},"minecraft:picked_up":{"minecraft:stick":7,"iceandfire:dragonbone":3,"minecraft:sweet_berries":14,"toughasnails:wool_leggings":1,"minecraft:torch":2,"minecraft:gravel":8,"minecraft:flint":1,"minecraft:spruce_sapling":14,"minecraft:diorite":14,"minecraft:spruce_log":23,"toughasnails:wool_chestplate":1,"biomeswevegone:fir_log":1,"minecraft:dirt":9,"biomeswevegone:winter_succulent":2,"iceandfire:dragon_skull_ice":1,"biomeswevegone:crocus":1,"minecraft:wheat_seeds":1,"farmersdelight:pumpkin_slice":8,"iceandfire:raw_silver":4,"minecraft:cobblestone":45},"minecraft:crafted":{"minecraft:crafting_table":1,"minecraft:spruce_planks":16,"minecraft:stick":12,"minecraft:wooden_pickaxe":1,"minecraft:stone_pickaxe":1,"minecraft:wooden_axe":1,"minecraft:torch":20,"minecraft:stone_axe":1},"minecraft:used":{"biomeswevegone:crocus":1,"toughasnails:wool_chestplate":1,"minecraft:glass_bottle":4,"minecraft:stone_pickaxe":61,"iceandfire:dragon_skull_ice":1,"minecraft:spruce_sapling":4,"minecraft:wooden_pickaxe":3,"farmersdelight:pumpkin_slice":4,"toughasnails:wool_leggings":1,"minecraft:stone_axe":15,"minecraft:torch":7,"biomeswevegone:fir_log":1,"minecraft:potion":2,"minecraft:crafting_table":1,"minecraft:spruce_log":5},"minecraft:mined":{"iceandfire:silver_ore":4,"minecraft:sweet_berry_bush":7,"minecraft:spruce_log":1,"biomeswevegone:winter_succulent":2,"treechop:chopped_log":3,"minecraft:torch":1,"minecraft:grass":4,"minecraft:grass_block":3,"biomeswevegone:crocus":2,"biomeswevegone:fir_log":1,"minecraft:gravel":9,"minecraft:dirt":6,"minecraft:spruce_leaves":4,"minecraft:stone":45,"minecraft:diorite":14,"minecraft:fern":3},"minecraft:custom":{"minecraft:time_since_rest":26789,"minecraft:sprint_one_cm":12537,"minecraft:damage_taken":195,"minecraft:walk_one_cm":183030,"minecraft:drop":1,"minecraft:damage_dealt":10,"minecraft:interact_with_crafting_table":5,"minecraft:fly_one_cm":17804,"minecraft:open_chest":7,"minecraft:crouch_one_cm":213,"minecraft:play_time":26789,"minecraft:sneak_time":69,"minecraft:walk_under_water_one_cm":224,"minecraft:jump":272,"minecraft:time_since_death":26789,"minecraft:leave_game":1,"minecraft:walk_on_water_one_cm":943,"minecraft:total_world_time":26789,"minecraft:fall_one_cm":4242}},"DataVersion":3465}