{"stats":{"minecraft:picked_up":{"iceandfire:dragon_skull_ice":1,"minecraft:stick":2,"iceandfire:dragonbone":3,"minecraft:sweet_berries":14,"biomeswevegone:crocus":1,"minecraft:spruce_sapling":8,"minecraft:spruce_log":9},"minecraft:used":{"iceandfire:dragon_skull_ice":1,"minecraft:spruce_log":5},"minecraft:mined":{"minecraft:grass":1,"biomeswevegone:crocus":2,"minecraft:sweet_berry_bush":7,"minecraft:spruce_leaves":4,"minecraft:spruce_log":1,"treechop:chopped_log":1},"minecraft:custom":{"minecraft:time_since_rest":7867,"minecraft:crouch_one_cm":110,"minecraft:sprint_one_cm":6370,"minecraft:play_time":7867,"minecraft:damage_taken":50,"minecraft:walk_one_cm":50573,"minecraft:sneak_time":31,"minecraft:jump":157,"minecraft:time_since_death":7867,"minecraft:total_world_time":7867,"minecraft:fall_one_cm":3615,"minecraft:fly_one_cm":7340}},"DataVersion":3465}