{"stats":{"minecraft:dropped":{"minecraft:spruce_sapling":1},"minecraft:picked_up":{"minecraft:crafting_table":6,"biomeswevegone:lush_dirt":1,"minecraft:andesite":2,"minecraft:leather":3,"minecraft:bone":6,"minecraft:beef":4,"minecraft:rabbit":2,"minecraft:furnace":3,"minecraft:stick":5,"minecraft:raw_iron":11,"iceandfire:dragonbone":20,"minecraft:torch":4,"minecraft:spruce_sapling":14,"minecraft:spruce_log":28,"iceandfire:dragon_skull_ice":1,"minecraft:arrow":1,"minecraft:rotten_flesh":4,"minecraft:granite":2,"minecraft:black_wool":3,"minecraft:mutton":9,"minecraft:white_wool":4,"minecraft:coal":59,"iceandfire:raw_silver":11,"minecraft:cobblestone":48},"minecraft:crafted":{"toughasnails:wool_helmet":1,"minecraft:crafting_table":1,"minecraft:spruce_planks":36,"minecraft:wooden_pickaxe":1,"minecraft:furnace":1,"minecraft:stone_axe":1,"minecraft:air":0,"minecraft:charcoal":17,"minecraft:stick":8,"minecraft:iron_ingot":5,"minecraft:iron_pickaxe":1,"minecraft:stone_pickaxe":1,"minecraft:wooden_axe":1,"minecraft:stone_sword":1,"minecraft:torch":4,"minecraft:shears":1},"minecraft:killed":{"minecraft:rabbit":1,"earthtojavamobs:inky_sheep":2,"minecraft:skeleton":1,"minecraft:sheep":1,"minecraft:zombie":3,"earthtojavamobs:patched_sheep":3,"earthtojavamobs:pinto_cow":2,"earthtojavamobs:vested_rabbit":1},"minecraft:used":{"minecraft:stone_sword":6,"minecraft:stone_pickaxe":133,"minecraft:wooden_pickaxe":3,"minecraft:torch":4,"minecraft:crafting_table":6,"minecraft:wooden_axe":45,"minecraft:iron_pickaxe":3,"minecraft:spruce_sapling":3,"minecraft:stone_axe":1,"minecraft:cobblestone":18,"minecraft:furnace":3,"minecraft:andesite":2},"minecraft:mined":{"iceandfire:silver_ore":11,"biomeswevegone:lush_grass_block":1,"minecraft:crafting_table":6,"minecraft:torch":3,"minecraft:granite":2,"minecraft:cobblestone":16,"minecraft:wall_torch":1,"supplementaries:urn":1,"minecraft:furnace":3,"minecraft:iron_ore":11,"minecraft:andesite":2,"treechop:chopped_log":3,"minecraft:grass":7,"minecraft:coal_ore":59,"minecraft:stone":32,"minecraft:fern":1},"minecraft:custom":{"minecraft:interact_with_furnace":8,"incapacitated:times_incapped":2,"minecraft:mob_kills":14,"minecraft:interact_with_crafting_table":11,"minecraft:leave_game":1,"minecraft:time_since_death":25561,"minecraft:time_since_rest":25621,"minecraft:sprint_one_cm":9000,"minecraft:damage_taken":810,"minecraft:walk_one_cm":211288,"minecraft:drop":1,"minecraft:damage_dealt":1489,"minecraft:fly_one_cm":12856,"minecraft:crouch_one_cm":6961,"minecraft:play_time":42091,"minecraft:deaths":1,"minecraft:sneak_time":2005,"minecraft:walk_under_water_one_cm":1824,"minecraft:jump":697,"minecraft:walk_on_water_one_cm":5679,"minecraft:total_world_time":42091,"minecraft:fall_one_cm":11900},"minecraft:broken":{"minecraft:stone_pickaxe":1,"minecraft:wooden_axe":1}},"DataVersion":3465}