{"stats":{"minecraft:dropped":{"iceandfire:raw_silver":11,"minecraft:wheat_seeds":11,"minecraft:leather":3,"minecraft:granite":2,"minecraft:coal":56,"minecraft:cobweb":13,"minecraft:pumpkin":4,"earthtojavamobs:rainbow_wool":8,"minecraft:spruce_sapling":11,"biomeswevegone:blue_rose_bush":3,"biomeswevegone:winter_succulent":10,"minecraft:raw_iron":6,"minecraft:potato":21,"minecraft:charcoal":17,"minecraft:wooden_pickaxe":1,"minecraft:black_wool":1},"minecraft:picked_up":{"minecraft:charcoal":68,"minecraft:crafting_table":12,"minecraft:potion":1,"minecraft:string":21,"minecraft:spruce_planks":2,"minecraft:beef":8,"minecraft:sugar_cane":12,"minecraft:chest":2,"minecraft:spruce_trapdoor":1,"minecraft:furnace":5,"minecraft:raw_iron":23,"minecraft:stick":63,"iceandfire:dragonbone":60,"biomeswevegone:iris":6,"biomeswevegone:blue_rose_bush":9,"minecraft:torch":6,"minecraft:spruce_fence":24,"biomeswevegone:winter_succulent":30,"iceandfire:dragon_skull_ice":3,"minecraft:arrow":1,"minecraft:rotten_flesh":4,"minecraft:mutton":9,"minecraft:white_wool":20,"minecraft:cobblestone":62,"biomeswevegone:lush_dirt":1,"minecraft:andesite":2,"minecraft:leather":12,"minecraft:potato":63,"biomeswevegone:fir_log":274,"minecraft:dirt":3,"minecraft:bone":22,"minecraft:wheat_seeds":33,"minecraft:cobweb":39,"minecraft:rabbit":6,"minecraft:glass_bottle":2,"minecraft:polished_andesite_slab":2,"biomeswevegone:fir_sapling":154,"minecraft:pumpkin":16,"minecraft:sweet_berries":6,"patchouli:guide_book":1,"minecraft:sand":3,"minecraft:amethyst_shard":11,"minecraft:spruce_sapling":39,"minecraft:spruce_log":51,"minecraft:mossy_cobblestone":33,"minecraft:pumpkin_seeds":8,"earthtojavamobs:rainbow_wool":26,"biomeswevegone:crocus":18,"minecraft:granite":2,"minecraft:black_wool":5,"minecraft:melon_seeds":8,"minecraft:coal":277,"minecraft:andesite_slab":2,"iceandfire:raw_silver":33,"biomeswevegone:stripped_fir_log":2},"minecraft:crafted":{"minecraft:furnace":1,"minecraft:spruce_fence":18,"minecraft:cooked_mutton":9,"minecraft:glass":3,"minecraft:iron_axe":1,"minecraft:stone_pickaxe":1,"minecraft:chest":2,"toughasnails:wool_chestplate":1,"minecraft:glass_bottle":3,"toughasnails:wool_helmet":2,"minecraft:crafting_table":1,"minecraft:spruce_planks":116,"minecraft:wooden_pickaxe":1,"minecraft:spruce_door":3,"minecraft:campfire":1,"minecraft:stone_axe":1,"minecraft:air":0,"minecraft:spruce_trapdoor":8,"minecraft:charcoal":17,"minecraft:stick":8,"minecraft:iron_ingot":11,"minecraft:iron_pickaxe":1,"minecraft:wooden_axe":1,"minecraft:stone_sword":1,"minecraft:torch":24,"minecraft:shears":1},"minecraft:killed":{"minecraft:skeleton":1,"earthtojavamobs:patched_sheep":3,"earthtojavamobs:pinto_cow":2,"minecraft:rabbit":1,"earthtojavamobs:inky_sheep":2,"minecraft:creeper":1,"minecraft:sheep":1,"minecraft:zombie":4,"iceandfire:pixie":1,"earthtojavamobs:vested_rabbit":1},"minecraft:used":{"minecraft:stone_sword":25,"minecraft:chest":4,"minecraft:torch":13,"minecraft:dirt":3,"minecraft:spruce_fence":39,"minecraft:wooden_axe":45,"minecraft:iron_axe":158,"biomeswevegone:fir_log":274,"minecraft:sweet_berries":6,"minecraft:furnace":6,"minecraft:cooked_mutton":4,"minecraft:spruce_door":1,"minecraft:glass_bottle":10,"minecraft:stone_pickaxe":133,"minecraft:andesite_slab":2,"biomeswevegone:stripped_fir_log":2,"minecraft:wooden_pickaxe":3,"minecraft:mossy_cobblestone":9,"minecraft:crafting_table":13,"minecraft:campfire":1,"minecraft:iron_pickaxe":43,"minecraft:spruce_trapdoor":6,"minecraft:spruce_sapling":4,"minecraft:polished_andesite_slab":2,"minecraft:stone_axe":130,"minecraft:cobblestone":21,"minecraft:potion":9,"minecraft:andesite":2},"minecraft:mined":{"iceandfire:silver_ore":11,"minecraft:mossy_cobblestone":33,"biomeswevegone:lush_grass_block":1,"minecraft:spruce_trapdoor":1,"minecraft:granite":2,"minecraft:grass_block":3,"minecraft:spruce_fence":24,"minecraft:polished_andesite_slab":2,"minecraft:spawner":1,"minecraft:furnace":5,"minecraft:iron_ore":11,"minecraft:andesite":2,"minecraft:pumpkin":4,"treechop:chopped_log":8,"biomeswevegone:iris":3,"minecraft:stone":32,"biomeswevegone:winter_succulent":10,"minecraft:crafting_table":12,"minecraft:torch":3,"biomeswevegone:crocus":9,"minecraft:chest":2,"minecraft:andesite_slab":2,"minecraft:cobblestone":16,"minecraft:sugar_cane":1,"minecraft:wall_torch":2,"supplementaries:urn":1,"biomeswevegone:stripped_fir_log":2,"biomeswevegone:blue_rose_bush":3,"minecraft:sweet_berry_bush":4,"minecraft:ice":1,"minecraft:grass":24,"minecraft:coal_ore":59,"biomeswevegone:fir_log":38,"minecraft:sand":3,"minecraft:cobweb":7,"minecraft:fern":60},"minecraft:custom":{"lootr:looted_stat":1,"incapacitated:times_incapped":2,"minecraft:mob_kills":17,"minecraft:interact_with_crafting_table":25,"minecraft:leave_game":1,"minecraft:time_since_death":47866,"minecraft:sprint_one_cm":49624,"minecraft:walk_one_cm":524454,"minecraft:drop":19,"minecraft:play_time":90091,"minecraft:deaths":2,"minecraft:sneak_time":2459,"minecraft:walk_under_water_one_cm":1824,"minecraft:jump":1493,"minecraft:walk_on_water_one_cm":6933,"minecraft:total_world_time":90091,"minecraft:interact_with_furnace":20,"minecraft:time_since_rest":47891,"minecraft:damage_taken":1230,"minecraft:damage_dealt":2065,"minecraft:fly_one_cm":93973,"minecraft:open_chest":19,"minecraft:crouch_one_cm":7801,"minecraft:fall_one_cm":32277},"minecraft:broken":{"toughasnails:wool_helmet":1,"minecraft:stone_pickaxe":1,"minecraft:wooden_axe":1},"minecraft:killed_by":{"minecraft:skeleton":1}},"DataVersion":3465}