{"stats":{"minecraft:dropped":{"minecraft:granite":2,"minecraft:wooden_pickaxe":1,"minecraft:spruce_sapling":1},"minecraft:picked_up":{"minecraft:crafting_table":8,"biomeswevegone:lush_dirt":1,"minecraft:andesite":2,"minecraft:leather":3,"minecraft:string":7,"minecraft:dirt":3,"minecraft:bone":6,"minecraft:beef":4,"minecraft:rabbit":2,"minecraft:polished_andesite_slab":2,"minecraft:furnace":3,"minecraft:stick":5,"minecraft:raw_iron":11,"iceandfire:dragonbone":20,"minecraft:sweet_berries":6,"minecraft:torch":4,"minecraft:sand":3,"minecraft:spruce_sapling":14,"minecraft:spruce_log":28,"iceandfire:dragon_skull_ice":1,"minecraft:arrow":1,"minecraft:rotten_flesh":4,"minecraft:granite":2,"minecraft:andesite_slab":2,"minecraft:black_wool":3,"minecraft:mutton":9,"minecraft:white_wool":4,"minecraft:coal":59,"iceandfire:raw_silver":11,"minecraft:cobblestone":48},"minecraft:crafted":{"toughasnails:wool_helmet":2,"minecraft:crafting_table":1,"minecraft:spruce_planks":36,"minecraft:wooden_pickaxe":1,"minecraft:furnace":1,"minecraft:stone_axe":1,"minecraft:air":0,"minecraft:charcoal":17,"minecraft:stick":8,"minecraft:iron_ingot":5,"minecraft:iron_pickaxe":1,"minecraft:stone_pickaxe":1,"minecraft:wooden_axe":1,"minecraft:stone_sword":1,"toughasnails:wool_chestplate":1,"minecraft:torch":4,"minecraft:shears":1},"minecraft:killed":{"minecraft:rabbit":1,"earthtojavamobs:inky_sheep":2,"minecraft:skeleton":1,"minecraft:sheep":1,"minecraft:zombie":3,"earthtojavamobs:patched_sheep":3,"earthtojavamobs:pinto_cow":2,"earthtojavamobs:vested_rabbit":1},"minecraft:used":{"minecraft:stone_sword":15,"minecraft:stone_pickaxe":133,"minecraft:andesite_slab":2,"minecraft:wooden_pickaxe":3,"minecraft:torch":4,"minecraft:dirt":3,"minecraft:crafting_table":8,"minecraft:wooden_axe":45,"minecraft:iron_pickaxe":8,"minecraft:spruce_sapling":3,"minecraft:polished_andesite_slab":2,"minecraft:stone_axe":3,"minecraft:cobblestone":18,"minecraft:sweet_berries":3,"minecraft:furnace":4,"minecraft:andesite":2},"minecraft:mined":{"iceandfire:silver_ore":11,"biomeswevegone:lush_grass_block":1,"minecraft:crafting_table":8,"minecraft:torch":3,"minecraft:granite":2,"minecraft:grass_block":3,"minecraft:andesite_slab":2,"minecraft:polished_andesite_slab":2,"minecraft:cobblestone":16,"minecraft:wall_torch":1,"minecraft:spawner":1,"supplementaries:urn":1,"minecraft:furnace":3,"minecraft:iron_ore":11,"minecraft:sweet_berry_bush":4,"minecraft:andesite":2,"treechop:chopped_log":3,"minecraft:grass":8,"minecraft:coal_ore":59,"minecraft:sand":3,"minecraft:cobweb":7,"minecraft:stone":32,"minecraft:fern":1},"minecraft:custom":{"lootr:looted_stat":1,"minecraft:interact_with_furnace":10,"incapacitated:times_incapped":2,"minecraft:mob_kills":14,"minecraft:interact_with_crafting_table":13,"minecraft:leave_game":1,"minecraft:time_since_death":11866,"minecraft:time_since_rest":11891,"minecraft:sprint_one_cm":16579,"minecraft:damage_taken":1082,"minecraft:walk_one_cm":274461,"minecraft:drop":4,"minecraft:damage_dealt":1564,"minecraft:fly_one_cm":25829,"minecraft:crouch_one_cm":7268,"minecraft:play_time":54091,"minecraft:deaths":2,"minecraft:sneak_time":2182,"minecraft:walk_under_water_one_cm":1824,"minecraft:jump":947,"minecraft:walk_on_water_one_cm":5812,"minecraft:total_world_time":54091,"minecraft:fall_one_cm":18812},"minecraft:broken":{"minecraft:stone_pickaxe":1,"toughasnails:wool_helmet":1,"minecraft:wooden_axe":1},"minecraft:killed_by":{"minecraft:skeleton":1}},"DataVersion":3465}