{"stats":{"minecraft:dropped":{"iceandfire:raw_silver":11,"minecraft:wheat_seeds":11,"farmersdelight:pumpkin_slice":8,"minecraft:leather":3,"minecraft:granite":2,"minecraft:coal":56,"minecraft:cobweb":13,"minecraft:pumpkin":4,"earthtojavamobs:rainbow_wool":8,"minecraft:spruce_sapling":11,"toughasnails:wool_chestplate":1,"biomeswevegone:blue_rose_bush":3,"biomeswevegone:winter_succulent":10,"minecraft:raw_iron":6,"minecraft:shears":1,"minecraft:potato":21,"minecraft:charcoal":17,"toughasnails:wool_leggings":1,"minecraft:wooden_pickaxe":1,"minecraft:black_wool":1},"minecraft:picked_up":{"minecraft:charcoal":70,"minecraft:crafting_table":13,"minecraft:potion":1,"farmersdelight:cutting_board":1,"minecraft:string":21,"minecraft:spruce_planks":13,"minecraft:beef":8,"minecraft:spruce_slab":1,"minecraft:sugar_cane":12,"minecraft:chest":2,"minecraft:spruce_trapdoor":1,"minecraft:furnace":8,"minecraft:raw_iron":23,"minecraft:stick":74,"iceandfire:dragonbone":60,"biomeswevegone:iris":6,"biomeswevegone:blue_rose_bush":9,"minecraft:torch":8,"minecraft:spruce_fence":48,"biomeswevegone:winter_succulent":30,"iceandfire:dragon_skull_ice":3,"minecraft:arrow":1,"minecraft:rotten_flesh":4,"minecraft:shears":1,"minecraft:mutton":9,"minecraft:white_wool":20,"minecraft:cobblestone":66,"biomeswevegone:lush_dirt":1,"minecraft:andesite":2,"minecraft:leather":12,"minecraft:potato":63,"biomeswevegone:fir_log":274,"minecraft:dirt":4,"minecraft:bone":22,"minecraft:wheat_seeds":33,"farmersdelight:pumpkin_slice":16,"minecraft:cobweb":39,"minecraft:rabbit":6,"minecraft:glass_bottle":2,"minecraft:polished_andesite_slab":2,"another_furniture:spruce_table":6,"biomeswevegone:fir_sapling":154,"minecraft:pumpkin":16,"minecraft:sweet_berries":6,"patchouli:guide_book":1,"minecraft:sand":3,"minecraft:amethyst_shard":11,"minecraft:spruce_sapling":61,"minecraft:white_bed":3,"minecraft:spruce_log":92,"minecraft:spruce_door":2,"minecraft:mossy_cobblestone":39,"minecraft:pumpkin_seeds":8,"earthtojavamobs:rainbow_wool":57,"biomeswevegone:crocus":18,"minecraft:granite":2,"minecraft:black_wool":5,"minecraft:melon_seeds":8,"minecraft:coal":377,"minecraft:andesite_slab":2,"iceandfire:raw_silver":33,"biomeswevegone:stripped_fir_log":2},"minecraft:crafted":{"minecraft:iron_nugget":9,"minecraft:furnace":1,"minecraft:spruce_fence":18,"minecraft:cooked_mutton":9,"minecraft:glass":3,"minecraft:lantern":1,"minecraft:spruce_stairs":8,"minecraft:iron_axe":1,"minecraft:ladder":6,"minecraft:spruce_slab":18,"minecraft:stone_pickaxe":1,"minecraft:chest":2,"toughasnails:wool_chestplate":2,"minecraft:glass_bottle":3,"toughasnails:wool_helmet":2,"minecraft:crafting_table":1,"minecraft:spruce_planks":176,"farmersdelight:iron_knife":1,"minecraft:wooden_pickaxe":1,"minecraft:spruce_door":3,"toughasnails:wool_leggings":2,"minecraft:campfire":2,"minecraft:stone_axe":1,"minecraft:air":0,"toughasnails:wool_boots":1,"another_furniture:spruce_table":3,"farmersdelight:cutting_board":1,"minecraft:spruce_trapdoor":8,"minecraft:charcoal":17,"minecraft:stick":8,"minecraft:iron_ingot":11,"minecraft:iron_pickaxe":1,"minecraft:wooden_axe":1,"minecraft:stone_sword":1,"minecraft:white_bed":1,"minecraft:torch":24,"minecraft:shears":1},"minecraft:killed":{"minecraft:skeleton":1,"earthtojavamobs:patched_sheep":3,"earthtojavamobs:pinto_cow":2,"minecraft:rabbit":1,"earthtojavamobs:inky_sheep":2,"minecraft:creeper":1,"minecraft:sheep":1,"minecraft:zombie":4,"iceandfire:pixie":1,"earthtojavamobs:vested_rabbit":1},"minecraft:used":{"minecraft:stone_sword":25,"minecraft:spruce_slab":16,"minecraft:ladder":3,"minecraft:spruce_planks":60,"minecraft:chest":4,"minecraft:torch":17,"minecraft:dirt":4,"minecraft:spruce_stairs":6,"minecraft:spruce_fence":62,"minecraft:wooden_axe":45,"minecraft:lantern":1,"minecraft:iron_axe":236,"biomeswevegone:fir_log":274,"farmersdelight:cutting_board":2,"minecraft:sweet_berries":6,"minecraft:furnace":9,"minecraft:cooked_mutton":6,"minecraft:spruce_door":5,"minecraft:glass_bottle":13,"minecraft:stone_pickaxe":133,"minecraft:andesite_slab":2,"biomeswevegone:stripped_fir_log":2,"minecraft:wooden_pickaxe":3,"minecraft:mossy_cobblestone":15,"minecraft:crafting_table":13,"minecraft:white_bed":4,"minecraft:campfire":2,"minecraft:spruce_log":17,"minecraft:iron_pickaxe":56,"minecraft:spruce_trapdoor":6,"minecraft:spruce_sapling":14,"minecraft:polished_andesite_slab":2,"minecraft:stone_axe":130,"minecraft:cobblestone":25,"minecraft:potion":12,"minecraft:andesite":2,"another_furniture:spruce_table":9},"minecraft:mined":{"minecraft:spruce_planks":11,"minecraft:white_bed":3,"iceandfire:silver_ore":11,"minecraft:mossy_cobblestone":39,"biomeswevegone:lush_grass_block":1,"minecraft:spruce_trapdoor":1,"minecraft:granite":2,"minecraft:grass_block":4,"minecraft:spruce_fence":48,"minecraft:polished_andesite_slab":2,"minecraft:spawner":1,"minecraft:spruce_sapling":1,"minecraft:furnace":8,"minecraft:iron_ore":11,"minecraft:andesite":2,"minecraft:pumpkin":4,"treechop:chopped_log":11,"biomeswevegone:iris":3,"minecraft:stone":32,"minecraft:spruce_slab":1,"biomeswevegone:winter_succulent":10,"minecraft:spruce_door":2,"minecraft:crafting_table":13,"minecraft:torch":4,"biomeswevegone:crocus":9,"another_furniture:spruce_table":6,"minecraft:chest":2,"minecraft:andesite_slab":2,"minecraft:campfire":1,"minecraft:cobblestone":20,"minecraft:sugar_cane":1,"minecraft:wall_torch":3,"supplementaries:urn":1,"biomeswevegone:stripped_fir_log":2,"biomeswevegone:blue_rose_bush":3,"farmersdelight:cutting_board":1,"minecraft:sweet_berry_bush":4,"minecraft:ice":3,"minecraft:grass":26,"minecraft:coal_ore":59,"biomeswevegone:fir_log":38,"minecraft:sand":3,"minecraft:cobweb":7,"minecraft:fern":61},"minecraft:custom":{"lootr:looted_stat":1,"incapacitated:times_incapped":2,"minecraft:mob_kills":17,"minecraft:interact_with_crafting_table":48,"minecraft:leave_game":1,"minecraft:time_since_death":125866,"minecraft:climb_one_cm":1030,"minecraft:sprint_one_cm":72254,"minecraft:walk_one_cm":909114,"minecraft:drop":23,"minecraft:play_time":168091,"minecraft:deaths":2,"minecraft:sneak_time":2607,"minecraft:walk_under_water_one_cm":1824,"minecraft:jump":1929,"minecraft:walk_on_water_one_cm":7342,"minecraft:total_world_time":168091,"minecraft:interact_with_furnace":22,"minecraft:sleep_in_bed":3,"minecraft:time_since_rest":47187,"minecraft:damage_taken":1230,"minecraft:damage_dealt":2078,"minecraft:fly_one_cm":143181,"minecraft:open_chest":63,"minecraft:crouch_one_cm":8175,"minecraft:fall_one_cm":36666},"minecraft:broken":{"toughasnails:wool_helmet":1,"minecraft:stone_pickaxe":1,"minecraft:wooden_axe":1},"minecraft:killed_by":{"minecraft:skeleton":1}},"DataVersion":3465}