{"stats":{"minecraft:dropped":{"minecraft:spruce_sapling":1},"minecraft:picked_up":{"iceandfire:dragonbone":20,"minecraft:raw_iron":11,"minecraft:stick":5,"minecraft:crafting_table":4,"minecraft:andesite":2,"minecraft:leather":3,"minecraft:torch":4,"minecraft:spruce_sapling":14,"minecraft:spruce_log":28,"iceandfire:dragon_skull_ice":1,"minecraft:bone":6,"minecraft:granite":2,"minecraft:beef":4,"minecraft:rabbit":1,"minecraft:black_wool":2,"minecraft:mutton":9,"minecraft:coal":58,"iceandfire:raw_silver":11,"minecraft:white_wool":4,"minecraft:cobblestone":48,"minecraft:furnace":1},"minecraft:crafted":{"toughasnails:wool_helmet":1,"minecraft:charcoal":17,"minecraft:crafting_table":1,"minecraft:spruce_planks":36,"minecraft:stick":4,"minecraft:wooden_pickaxe":1,"minecraft:stone_pickaxe":1,"minecraft:wooden_axe":1,"minecraft:furnace":1,"minecraft:torch":4,"minecraft:air":0},"minecraft:used":{"minecraft:wooden_axe":32,"minecraft:stone_pickaxe":133,"minecraft:wooden_pickaxe":3,"minecraft:spruce_sapling":3,"minecraft:torch":4,"minecraft:cobblestone":18,"minecraft:crafting_table":4,"minecraft:furnace":2,"minecraft:andesite":2},"minecraft:killed":{"minecraft:sheep":1,"earthtojavamobs:patched_sheep":3,"minecraft:rabbit":1,"earthtojavamobs:pinto_cow":2,"earthtojavamobs:inky_sheep":2},"minecraft:mined":{"supplementaries:urn":1,"minecraft:furnace":1,"iceandfire:silver_ore":11,"minecraft:iron_ore":11,"minecraft:andesite":2,"treechop:chopped_log":3,"minecraft:crafting_table":4,"minecraft:torch":3,"minecraft:granite":2,"minecraft:grass":3,"minecraft:coal_ore":58,"minecraft:cobblestone":16,"minecraft:stone":32,"minecraft:wall_torch":1,"minecraft:fern":1},"minecraft:custom":{"minecraft:time_since_rest":13621,"minecraft:interact_with_furnace":3,"minecraft:sprint_one_cm":7153,"minecraft:damage_taken":460,"minecraft:walk_one_cm":140650,"incapacitated:times_incapped":1,"minecraft:mob_kills":9,"minecraft:drop":1,"minecraft:damage_dealt":700,"minecraft:interact_with_crafting_table":7,"minecraft:fly_one_cm":9371,"minecraft:crouch_one_cm":3948,"minecraft:play_time":30091,"minecraft:deaths":1,"minecraft:sneak_time":1498,"minecraft:walk_under_water_one_cm":1161,"minecraft:jump":402,"minecraft:leave_game":1,"minecraft:walk_on_water_one_cm":4028,"minecraft:time_since_death":13561,"minecraft:total_world_time":30091,"minecraft:fall_one_cm":5877},"minecraft:broken":{"minecraft:stone_pickaxe":1}},"DataVersion":3465}