{"stats":{"minecraft:dropped":{"minecraft:spruce_sapling":1},"minecraft:picked_up":{"minecraft:stick":2,"minecraft:crafting_table":1,"minecraft:leather":3,"minecraft:beef":4,"minecraft:spruce_sapling":6,"minecraft:rabbit":1,"minecraft:spruce_log":15,"minecraft:black_wool":2,"minecraft:mutton":9,"minecraft:white_wool":4},"minecraft:crafted":{"minecraft:crafting_table":1,"minecraft:spruce_planks":36,"minecraft:stick":4,"minecraft:wooden_pickaxe":1,"minecraft:wooden_axe":1},"minecraft:used":{"minecraft:wooden_axe":24,"minecraft:crafting_table":1,"minecraft:spruce_sapling":2},"minecraft:killed":{"earthtojavamobs:pinto_cow":2,"minecraft:rabbit":1,"minecraft:sheep":1,"earthtojavamobs:inky_sheep":2,"earthtojavamobs:patched_sheep":3},"minecraft:mined":{"minecraft:grass":3,"minecraft:crafting_table":1,"treechop:chopped_log":2,"minecraft:fern":1},"minecraft:custom":{"minecraft:time_since_rest":6091,"minecraft:crouch_one_cm":902,"minecraft:play_time":6091,"minecraft:sprint_one_cm":5262,"minecraft:walk_one_cm":30715,"minecraft:sneak_time":175,"minecraft:mob_kills":9,"minecraft:drop":1,"minecraft:jump":83,"minecraft:damage_dealt":700,"minecraft:leave_game":1,"minecraft:fall_one_cm":687,"minecraft:time_since_death":6091,"minecraft:total_world_time":6091,"minecraft:interact_with_crafting_table":2,"minecraft:fly_one_cm":7202}},"DataVersion":3465}