{"stats":{"minecraft:dropped":{"minecraft:spruce_sapling":1},"minecraft:picked_up":{"minecraft:raw_iron":11,"minecraft:stick":5,"minecraft:crafting_table":2,"minecraft:andesite":2,"minecraft:leather":3,"minecraft:spruce_sapling":14,"minecraft:spruce_log":28,"minecraft:bone":6,"minecraft:granite":2,"minecraft:beef":4,"minecraft:rabbit":1,"minecraft:black_wool":2,"minecraft:mutton":9,"minecraft:coal":38,"iceandfire:raw_silver":8,"minecraft:white_wool":4,"minecraft:cobblestone":37},"minecraft:crafted":{"minecraft:crafting_table":1,"minecraft:spruce_planks":36,"minecraft:stick":4,"minecraft:wooden_pickaxe":1,"minecraft:stone_pickaxe":1,"minecraft:wooden_axe":1,"minecraft:furnace":1,"minecraft:torch":4},"minecraft:used":{"minecraft:wooden_axe":30,"minecraft:stone_pickaxe":96,"minecraft:wooden_pickaxe":3,"minecraft:spruce_sapling":3,"minecraft:torch":4,"minecraft:cobblestone":18,"minecraft:crafting_table":3,"minecraft:furnace":1,"minecraft:andesite":2},"minecraft:killed":{"minecraft:sheep":1,"earthtojavamobs:patched_sheep":3,"minecraft:rabbit":1,"earthtojavamobs:pinto_cow":2,"earthtojavamobs:inky_sheep":2},"minecraft:mined":{"supplementaries:urn":1,"iceandfire:silver_ore":8,"minecraft:iron_ore":11,"minecraft:andesite":2,"treechop:chopped_log":3,"minecraft:crafting_table":2,"minecraft:granite":2,"minecraft:grass":3,"minecraft:coal_ore":38,"minecraft:cobblestone":12,"minecraft:stone":25,"minecraft:fern":1},"minecraft:custom":{"minecraft:time_since_rest":1621,"minecraft:interact_with_furnace":1,"minecraft:sprint_one_cm":7153,"minecraft:damage_taken":400,"minecraft:walk_one_cm":81844,"incapacitated:times_incapped":1,"minecraft:mob_kills":9,"minecraft:drop":1,"minecraft:damage_dealt":700,"minecraft:interact_with_crafting_table":4,"minecraft:fly_one_cm":9291,"minecraft:crouch_one_cm":1936,"minecraft:play_time":18091,"minecraft:deaths":1,"minecraft:sneak_time":910,"minecraft:walk_under_water_one_cm":1003,"minecraft:jump":274,"minecraft:leave_game":1,"minecraft:walk_on_water_one_cm":2788,"minecraft:time_since_death":1561,"minecraft:total_world_time":18091,"minecraft:fall_one_cm":4990}},"DataVersion":3465}