{"stats":{"minecraft:used":{"minecraft:apple":2,"minecraft:stone_sword":80,"minecraft:glass_bottle":9,"minecraft:bread":4,"minecraft:melon_slice":12,"minecraft:dirt":4,"minecraft:bow":13,"minecraft:potion":8,"minecraft:wither_rose":1,"comforts:sleeping_bag_white":1,"minecraft:cobweb":5},"minecraft:custom":{"minecraft:time_since_rest":4030,"minecraft:interact_with_furnace":1,"lootr:looted_stat":12,"minecraft:sprint_one_cm":8211,"minecraft:damage_taken":650,"minecraft:walk_one_cm":200804,"minecraft:trigger_trapped_chest":1,"incapacitated:times_incapped":1,"minecraft:mob_kills":20,"minecraft:drop":22,"minecraft:damage_dealt":2875,"minecraft:swim_one_cm":147,"minecraft:interact_with_crafting_table":7,"minecraft:fly_one_cm":10153,"minecraft:crouch_one_cm":1327,"minecraft:play_time":45768,"minecraft:sneak_time":463,"minecraft:walk_under_water_one_cm":5802,"minecraft:jump":601,"minecraft:damage_dealt_resisted":92,"minecraft:leave_game":1,"minecraft:walk_on_water_one_cm":8266,"minecraft:time_since_death":45768,"minecraft:sleep_in_bed":1,"minecraft:climb_one_cm":1507,"minecraft:total_world_time":45768,"minecraft:fall_one_cm":11813},"minecraft:picked_up":{"minecraft:feather":2,"minecraft:cooked_beef":2,"minecraft:enchanted_book":2,"minecraft:wither_rose":1,"minecraft:potion":2,"minecraft:gunpowder":2,"minecraft:dirt":13,"minecraft:spider_eye":2,"minecraft:string":44,"minecraft:arrow":1,"minecraft:bone":9,"iceandfire:graveyard_soil":8,"minecraft:wheat_seeds":2,"minecraft:soul_lantern":2,"comforts:sleeping_bag_white":1,"minecraft:rabbit":1,"minecraft:glass_bottle":1,"minecraft:melon_slice":18,"minecraft:skeleton_skull":1,"minecraft:mutton":11,"minecraft:white_wool":9,"minecraft:cobblestone":2},"minecraft:mined":{"minecraft:large_fern":1,"minecraft:wither_rose":1,"minecraft:grass":1,"minecraft:grass_block":4,"minecraft:melon":3,"minecraft:vine":1,"minecraft:dirt":9,"minecraft:cobweb":14,"minecraft:tall_grass":3},"minecraft:killed":{"minecraft:sheep":5,"minecraft:skeleton":1,"minecraft:zombie":5,"earthtojavamobs:patched_sheep":3,"iceandfire:ghost":1,"minecraft:drowned":2,"minecraft:creeper":2,"earthtojavamobs:freckled_rabbit":1},"minecraft:crafted":{"minecraft:white_wool":15,"comforts:sleeping_bag_white":1,"minecraft:stone_sword":1,"toughasnails:wool_chestplate":2},"minecraft:dropped":{"minecraft:enchanted_book":1,"minecraft:wheat_seeds":2,"minecraft:gunpowder":21,"minecraft:ink_sac":3,"minecraft:skeleton_skull":1,"minecraft:soul_lantern":1,"minecraft:feather":4,"minecraft:spider_eye":2,"minecraft:paper":12,"toughasnails:wool_chestplate":1,"iceandfire:graveyard_soil":16}},"DataVersion":3465}