{"stats":{"minecraft:dropped":{"iceandfire:raw_silver":11,"minecraft:raw_iron":6,"minecraft:granite":2,"minecraft:coal":56,"minecraft:wooden_pickaxe":1,"minecraft:black_wool":1,"minecraft:spruce_sapling":11},"minecraft:picked_up":{"minecraft:charcoal":34,"minecraft:crafting_table":11,"biomeswevegone:lush_dirt":1,"minecraft:andesite":2,"minecraft:leather":6,"minecraft:potato":21,"biomeswevegone:fir_log":273,"minecraft:string":14,"minecraft:dirt":3,"minecraft:bone":22,"minecraft:wheat_seeds":11,"minecraft:beef":8,"minecraft:cobweb":13,"minecraft:rabbit":4,"minecraft:sugar_cane":8,"minecraft:polished_andesite_slab":2,"minecraft:chest":1,"minecraft:furnace":4,"biomeswevegone:iris":3,"minecraft:stick":61,"minecraft:raw_iron":23,"iceandfire:dragonbone":40,"biomeswevegone:blue_rose_bush":3,"biomeswevegone:fir_sapling":77,"minecraft:pumpkin":8,"minecraft:sweet_berries":6,"patchouli:guide_book":1,"minecraft:torch":4,"minecraft:sand":3,"minecraft:amethyst_shard":11,"minecraft:spruce_sapling":34,"minecraft:spruce_log":28,"minecraft:pumpkin_seeds":4,"minecraft:mossy_cobblestone":28,"biomeswevegone:winter_succulent":10,"iceandfire:dragon_skull_ice":2,"biomeswevegone:crocus":9,"minecraft:arrow":1,"earthtojavamobs:rainbow_wool":10,"minecraft:rotten_flesh":4,"minecraft:granite":2,"minecraft:melon_seeds":4,"minecraft:andesite_slab":2,"minecraft:black_wool":5,"minecraft:mutton":9,"minecraft:white_wool":12,"minecraft:coal":227,"iceandfire:raw_silver":33,"minecraft:cobblestone":48},"minecraft:crafted":{"minecraft:glass_bottle":3,"toughasnails:wool_helmet":2,"minecraft:crafting_table":1,"minecraft:spruce_planks":36,"minecraft:wooden_pickaxe":1,"minecraft:furnace":1,"minecraft:stone_axe":1,"minecraft:cooked_mutton":9,"minecraft:air":0,"minecraft:glass":3,"minecraft:charcoal":17,"minecraft:stick":8,"minecraft:iron_ingot":5,"minecraft:iron_pickaxe":1,"minecraft:stone_pickaxe":1,"minecraft:wooden_axe":1,"minecraft:chest":1,"minecraft:stone_sword":1,"toughasnails:wool_chestplate":1,"minecraft:torch":4,"minecraft:shears":1},"minecraft:killed":{"minecraft:rabbit":1,"earthtojavamobs:inky_sheep":2,"minecraft:creeper":1,"minecraft:skeleton":1,"minecraft:sheep":1,"minecraft:zombie":4,"earthtojavamobs:patched_sheep":3,"earthtojavamobs:pinto_cow":2,"iceandfire:pixie":1,"earthtojavamobs:vested_rabbit":1},"minecraft:used":{"minecraft:cooked_mutton":4,"minecraft:stone_sword":25,"minecraft:glass_bottle":10,"minecraft:stone_pickaxe":133,"minecraft:andesite_slab":2,"minecraft:chest":2,"minecraft:wooden_pickaxe":3,"minecraft:mossy_cobblestone":2,"minecraft:torch":4,"minecraft:dirt":3,"minecraft:crafting_table":12,"minecraft:wooden_axe":45,"minecraft:iron_pickaxe":37,"minecraft:spruce_sapling":3,"minecraft:polished_andesite_slab":2,"minecraft:stone_axe":130,"biomeswevegone:fir_log":273,"minecraft:cobblestone":18,"minecraft:potion":9,"minecraft:sweet_berries":6,"minecraft:furnace":4,"minecraft:andesite":2},"minecraft:mined":{"iceandfire:silver_ore":11,"minecraft:mossy_cobblestone":28,"biomeswevegone:winter_succulent":10,"biomeswevegone:lush_grass_block":1,"minecraft:crafting_table":11,"minecraft:torch":3,"minecraft:granite":2,"minecraft:grass_block":3,"biomeswevegone:crocus":9,"minecraft:chest":1,"minecraft:andesite_slab":2,"minecraft:polished_andesite_slab":2,"minecraft:cobblestone":16,"minecraft:sugar_cane":1,"minecraft:wall_torch":1,"minecraft:spawner":1,"supplementaries:urn":1,"minecraft:furnace":4,"biomeswevegone:blue_rose_bush":3,"minecraft:ice":1,"minecraft:iron_ore":11,"minecraft:sweet_berry_bush":4,"minecraft:andesite":2,"minecraft:pumpkin":4,"treechop:chopped_log":7,"minecraft:grass":23,"biomeswevegone:fir_log":37,"minecraft:coal_ore":59,"minecraft:sand":3,"minecraft:cobweb":7,"biomeswevegone:iris":3,"minecraft:stone":32,"minecraft:fern":57},"minecraft:custom":{"lootr:looted_stat":1,"minecraft:interact_with_furnace":16,"incapacitated:times_incapped":2,"minecraft:mob_kills":17,"minecraft:interact_with_crafting_table":17,"minecraft:leave_game":1,"minecraft:time_since_death":35866,"minecraft:time_since_rest":35891,"minecraft:sprint_one_cm":42392,"minecraft:damage_taken":1222,"minecraft:walk_one_cm":458994,"minecraft:drop":9,"minecraft:damage_dealt":2065,"minecraft:open_chest":4,"minecraft:fly_one_cm":84048,"minecraft:crouch_one_cm":7644,"minecraft:play_time":78091,"minecraft:deaths":2,"minecraft:sneak_time":2277,"minecraft:walk_under_water_one_cm":1824,"minecraft:jump":1396,"minecraft:walk_on_water_one_cm":6857,"minecraft:total_world_time":78091,"minecraft:fall_one_cm":30814},"minecraft:broken":{"minecraft:stone_pickaxe":1,"toughasnails:wool_helmet":1,"minecraft:wooden_axe":1},"minecraft:killed_by":{"minecraft:skeleton":1}},"DataVersion":3465}