{"stats":{"minecraft:used":{"minecraft:stone_sword":39,"toughasnails:wool_chestplate":1,"minecraft:bundle":1,"minecraft:glass_bottle":22,"minecraft:stone_pickaxe":18,"minecraft:baked_potato":6,"minecraft:wooden_pickaxe":31,"minecraft:torch":10,"minecraft:dirt":2,"minecraft:crafting_table":9,"minecraft:apple":1,"minecraft:bread":1,"minecraft:stone_axe":25,"minecraft:potion":17,"minecraft:furnace":3,"comforts:sleeping_bag_white":3,"minecraft:air":2,"minecraft:cooked_beef":1,"minecraft:cobweb":4},"minecraft:custom":{"minecraft:interact_with_furnace":23,"lootr:looted_stat":5,"minecraft:mob_kills":10,"minecraft:interact_with_crafting_table":22,"minecraft:damage_dealt_resisted":322,"minecraft:leave_game":1,"minecraft:time_since_death":43712,"minecraft:sleep_in_bed":3,"minecraft:climb_one_cm":2179,"minecraft:time_since_rest":1903,"minecraft:sprint_one_cm":59010,"minecraft:damage_taken":340,"minecraft:walk_one_cm":119319,"minecraft:drop":33,"minecraft:damage_dealt":1355,"minecraft:swim_one_cm":763,"minecraft:fly_one_cm":49313,"minecraft:crouch_one_cm":55,"minecraft:play_time":43712,"minecraft:sneak_time":286,"minecraft:walk_under_water_one_cm":1263,"incapacitated:times_revived":1,"minecraft:jump":597,"minecraft:walk_on_water_one_cm":8785,"minecraft:total_world_time":43712,"minecraft:fall_one_cm":8158},"minecraft:mined":{"minecraft:crafting_table":8,"minecraft:torch":1,"iceandfire:pixie_house_oak":1,"minecraft:tall_grass":5,"minecraft:wall_torch":7,"minecraft:large_fern":1,"minecraft:furnace":3,"treechop:chopped_log":2,"minecraft:grass":3,"minecraft:coal_ore":16,"minecraft:vine":3,"minecraft:dirt":2,"minecraft:sand":6,"minecraft:cobweb":9,"minecraft:stone":30,"minecraft:fern":2},"minecraft:picked_up":{"minecraft:crafting_table":8,"minecraft:feather":8,"iceandfire:pixie_house_oak":1,"minecraft:jungle_log":20,"minecraft:leather":8,"minecraft:potato":1,"minecraft:potion":1,"minecraft:gunpowder":42,"toughasnails:wool_chestplate":1,"minecraft:dirt":2,"minecraft:string":18,"minecraft:paper":26,"minecraft:wheat_seeds":2,"comforts:sleeping_bag_white":3,"minecraft:beef":5,"minecraft:jungle_sapling":1,"minecraft:glowstone_dust":11,"minecraft:furnace":3,"minecraft:stick":8,"iceandfire:dragonbone":21,"minecraft:torch":8,"iceandfire:dragon_skull_fire":1,"minecraft:sand":6,"minecraft:ink_sac":3,"minecraft:soul_lantern":1,"minecraft:bread":5,"minecraft:mutton":8,"minecraft:coal":20,"minecraft:white_wool":8,"minecraft:skeleton_skull":1,"minecraft:cobblestone":32},"minecraft:killed":{"minecraft:cave_spider":2,"minecraft:sheep":6,"earthtojavamobs:pinto_cow":2},"minecraft:crafted":{"minecraft:cooked_beef":5,"minecraft:glass_bottle":6,"minecraft:crafting_table":2,"comforts:sleeping_bag_white":1,"minecraft:wooden_pickaxe":1,"minecraft:baked_potato":6,"minecraft:furnace":1,"minecraft:stone_axe":1,"minecraft:cooked_mutton":5,"minecraft:air":0,"minecraft:jungle_planks":80,"minecraft:glass":6,"minecraft:stick":12,"minecraft:stone_pickaxe":1,"minecraft:stone_sword":1,"minecraft:torch":12},"minecraft:dropped":{"minecraft:bread":5,"minecraft:cooked_beef":2,"minecraft:glass_bottle":1,"minecraft:feather":6,"minecraft:cobblestone":2,"minecraft:leather":4,"minecraft:glowstone_dust":11,"minecraft:potato":1,"minecraft:gunpowder":21,"minecraft:potion":3,"minecraft:wooden_pickaxe":1,"minecraft:paper":14,"minecraft:string":33,"minecraft:white_wool":3}},"DataVersion":3465}